permno,ticker,permco,cusip,company,price_x,sheet_row,is_duplicate_row,weight_target,price_y,target_value,shares,value,weight_actual,weight
87432,A,36364,00846U10,AGILENT TECHNOLOGIES INC,136.07,22,False,0.0026697394925015,136.07,23436.3143195188,172,23404.039999999997,0.002340404,0.002340404
14593,AAPL,7,03783310,APPLE INC,271.86,23,False,0.0034678470489145,271.86,30442.503352349177,111,30176.460000000003,0.003017646,0.003017646
13721,ABBV,54287,00287Y10,ABBVIE INC,228.49,24,False,0.0015750272786783,228.49,13826.38061451242,60,13709.400000000001,0.0013709400000000002,0.0013709400000000002
20190,ABNB,57588,00906610,AIRBNB INC,135.72,25,False,0.0016424933346108,135.72,14418.6315428046,106,14386.32,0.001438632,0.001438632
20482,ABT,20017,00282410,ABBOTT LABORATORIES,125.29,26,False,0.0020997743718496,125.29,18432.874187521396,147,18417.63,0.0018417630000000002,0.0018417630000000002
82276,ACGL,13971,G0450A10,ARCH CAPITAL GROUP LTD NEW,95.92,27,False,0.0015124294487608,95.92,13276.865419570424,138,13236.960000000001,0.001323696,0.001323696
89071,ACN,41871,G1151C10,ACCENTURE PLC IRELAND,268.3,28,False,0.0024921237395837,268.3,21877.114021073492,81,21732.3,0.00217323,0.00217323
75510,ADBE,8476,00724F10,ADOBE INC,349.99,29,False,0.001555651009327,349.99,13656.285989125867,39,13649.61,0.001364961,0.001364961
60871,ADI,282,03265410,ANALOG DEVICES INC,271.2,30,False,0.0019431026094755,271.2,17057.530758581837,62,16814.399999999998,0.0016814399999999998,0.0016814399999999998
10516,ADM,20207,03948310,ARCHER DANIELS MIDLAND CO,57.49,31,False,0.0012521422730586,57.49,10991.933844699492,191,10980.59,0.001098059,0.001098059
44644,ADP,20235,05301510,AUTOMATIC DATA PROCESSING INC,257.23,32,False,0.0031950748961694,257.23,28047.972377585025,109,28038.070000000003,0.002803807,0.002803807
85631,ADSK,7623,05276910,AUTODESK INC,296.01,33,False,0.0029041817331699,296.01,25494.36607232434,86,25456.86,0.002545686,0.002545686
24985,AEE,21808,02360810,AMEREN CORP,99.86,34,False,0.0024235899685287,99.86,21275.490153105027,213,21270.18,0.002127018,0.002127018
24109,AEP,20077,02553710,AMERICAN ELECTRIC POWER CO INC,115.31,35,False,0.0016019466899855,115.31,14062.692729032931,121,13952.51,0.0013952510000000001,0.0013952510000000001
76712,AES,10996,00130H10,A E S CORP,14.34,36,False,0.0010900701802521,14.34,9569.183602548956,667,9564.78,0.0009564780000000001,0.0009564780000000001
57904,AFL,92,00105510,AFLAC INC,110.27,37,False,0.0024926051099166,110.27,21881.33973165598,198,21833.46,0.002183346,0.002183346
66800,AIG,137,02687478,AMERICAN INTERNATIONAL GROUP INC,85.55,38,False,0.0018587181232131,85.55,16316.761350446182,190,16254.5,0.00162545,0.00162545
90038,AIZ,44893,04621X10,ASSURANT INC,240.85,39,False,0.0017397204195938,240.85,15272.139733559608,63,15173.55,0.001517355,0.001517355
38093,AJG,7094,36357610,GALLAGHER ARTHUR J & CO,258.79,40,False,0.0016349862445078,258.79,14352.730534944838,55,14233.45,0.0014233450000000001,0.0014233450000000001
87299,AKAM,17300,00971T10,AKAMAI TECHNOLOGIES INC,87.25,41,False,0.0014497137712327,87.25,12726.315699105775,145,12651.25,0.001265125,0.001265125
80191,ALB,30249,01265310,ALBEMARLE CORP,141.44,42,False,0.0007075516353318,141.44,6211.243669841428,43,6081.92,0.000608192,0.000608192
88860,ALGN,41154,01625510,ALIGN TECHNOLOGY INC,156.15,43,False,0.0008980440239889,156.15,7883.48154495359,50,7807.5,0.00078075,0.00078075
79323,ALL,29870,02000210,ALLSTATE CORP,208.15,44,False,0.0011671722211133,208.15,10246.024046860002,49,10199.35,0.001019935,0.001019935
14297,ALLE,54641,G0176J10,ALLEGION PLC,159.22,45,False,0.0028760668669371,159.22,25247.55965397011,158,25156.76,0.0025156759999999997,0.0025156759999999997
14702,AMAT,194,03822210,APPLIED MATERIALS INC,256.99,46,False,0.0015904163858169,256.99,13961.47392717831,54,13877.460000000001,0.001387746,0.001387746
18724,AMCR,56767,G0250X10,AMCOR PLC,8.34,47,False,0.0022502089971002,8.34,19753.464893773642,2368,19749.12,0.001974912,0.001974912
61241,AMD,211,00790310,ADVANCED MICRO DEVICES INC,214.16,48,False,0.0008463904528195,214.16,7430.040550784751,34,7281.44,0.000728144,0.000728144
85257,AME,32054,03110010,AMETEK INC NEW,205.31,49,False,0.0046883852317679,205.31,41157.000617969745,200,41062.0,0.0041062,0.0041062
14008,AMGN,216,03116210,AMGEN INC,327.31,50,False,0.0013558840803295,327.31,11902.631540150533,36,11783.16,0.001178316,0.001178316
90880,AMP,47422,03076C10,AMERIPRISE FINANCIAL INC,490.34,51,False,0.0044122542998086,490.34,38732.98459209295,78,38246.52,0.0038246519999999996,0.0038246519999999996
86111,AMT,34770,03027X10,AMERICAN TOWER CORP NEW,175.57,52,False,0.0010170867439912,175.57,8928.49833826261,50,8778.5,0.00087785,0.00087785
84788,AMZN,15473,02313510,AMAZON COM INC,230.82,53,False,0.0019396755221714,230.82,17027.446064743763,73,16849.86,0.001684986,0.001684986
14714,ANET,54907,04041320,ARISTA NETWORKS INC,131.03,54,False,0.0009505683265554,131.03,8344.566256708968,63,8254.89,0.0008254889999999999,0.0008254889999999999
61735,AON,20203,G0403H10,AON PLC NEW,352.88,55,False,0.0023258439126029,352.88,20417.426174726425,57,20114.16,0.002011416,0.002011416
65402,AOS,21625,83186520,SMITH A O CORP,66.88,56,False,0.0023573125545927,66.88,20693.673721332678,309,20665.92,0.002066592,0.002066592
39490,APA,20204,03743Q10,A P A CORP,24.46,57,False,0.0007875473181488,24.46,6913.485956764741,282,6897.72,0.0006897720000000001,0.0006897720000000001
28222,APD,20030,00915810,AIR PRODUCTS & CHEMICALS INC,247.02,58,False,0.0017895169888103,247.02,15709.279031783071,63,15562.26,0.001556226,0.001556226
84769,APH,31967,03209510,AMPHENOL CORP NEW,135.14,59,False,0.0018439210427848,135.14,16186.86514562812,119,16081.659999999998,0.0016081659999999998,0.0016081659999999998
12591,APO,53688,03769M10,APOLLO GLOBAL MANAGEMENT INC NEW,144.76,60,False,0.0023538773049782,144.76,20663.51737463385,142,20555.92,0.0020555919999999997,0.0020555919999999997
20894,APP,58169,03831W10,APPLOVIN CORP,673.82,61,False,0.0003431663362967,673.82,3012.4864781437605,4,2695.28,0.000269528,0.000269528
13103,APTV,53927,G3265R10,APTIV PLC NEW,76.09,62,False,0.0018985938779779,76.09,16666.8107560233,219,16663.71,0.0016663709999999998,0.0016663709999999998
84767,ARE,31965,01527110,ALEXANDRIA REAL EST EQUITIES INC,48.94,63,False,0.001800925047853,48.94,15809.424704516792,323,15807.619999999999,0.0015807619999999999,0.0015807619999999999
14617,ARES,54837,03990B10,ARES MANAGEMENT CORP,161.63,64,False,0.0021261042252591,161.63,18664.010866671204,115,18587.45,0.001858745,0.001858745
32986,ATO,6748,04956010,ATMOS ENERGY CORP,167.63,65,False,0.0029202795347009,167.63,25635.680660355643,152,25479.76,0.002547976,0.002547976
80381,AVB,30345,05348410,AVALONBAY COMMUNITIES INC,181.31,66,False,0.0035415494598733,181.31,31089.500137686577,171,31004.010000000002,0.003100401,0.003100401
93002,AVGO,53196,11135F10,BROADCOM INC,346.1,67,False,0.0010581359459819,346.1,9288.848853030642,26,8998.6,0.00089986,0.00089986
44601,AVY,20238,05361110,AVERY DENNISON CORP,181.88,68,False,0.0033138301078842,181.88,29090.4652787262,159,28918.92,0.0028918919999999996,0.0028918919999999996
92614,AWK,52985,03042010,AMERICAN WATER WORKS CO INC,130.5,69,False,0.0016811104546038,130.5,14757.632020121773,113,14746.5,0.00147465,0.00147465
89031,AXON,41562,05464C10,AXON ENTERPRISE INC,567.93,70,False,0.0008013140048862,567.93,7034.336848180274,12,6815.16,0.000681516,0.000681516
59176,AXP,90,02581610,AMERICAN EXPRESS CO,369.95,71,False,0.0032671893996088,369.95,28681.029713084903,77,28486.149999999998,0.0028486149999999997,0.0028486149999999997
76605,AZO,29009,05333210,AUTOZONE INC,3391.5,72,False,0.0014251284893401,3391.5,12510.493745058464,3,10174.5,0.00101745,0.00101745
19561,BA,20315,09702310,BOEING CO,217.12,73,False,0.0018622058979194,217.12,16347.378788785054,75,16284.0,0.0016284,0.0016284
59408,BAC,3151,06050510,BANK OF AMERICA CORP,55.0,74,False,0.0032214351341898,55.0,28279.375788112007,514,28270.0,0.002827,0.002827
57568,BALL,20257,05849810,BALL CORP,52.97,75,False,0.0017728941260446,52.97,15563.355192486624,293,15520.21,0.001552021,0.001552021
27887,BAX,20277,07181310,BAXTER INTERNATIONAL INC,19.11,76,False,0.0011066622646144,19.11,9714.83725355986,508,9707.88,0.0009707879999999999,0.0009707879999999999
85914,BBY,7506,08651610,BEST BUY COMPANY INC,66.93,77,False,0.0017454588576542,66.93,15322.514625366228,228,15260.04,0.001526004,0.001526004
39642,BDX,20284,07588710,BECTON DICKINSON & CO,194.07,78,False,0.0019298524656624,194.07,16941.21434042387,87,16884.09,0.001688409,0.001688409
37584,BEN,6407,35461310,FRANKLIN RESOURCES INC,23.89,79,False,0.003014424478587,23.89,26462.13226835157,1107,26446.23,0.002644623,0.002644623
89138,BG,42007,H1135610,BUNGE GLOBAL S A,89.08,80,False,0.0011714402361079,89.08,10283.490826377185,115,10244.199999999999,0.0010244199999999998,0.0010244199999999998
76841,BIIB,11112,09062X10,BIOGEN INC,175.99,81,False,0.0011902901153377,175.99,10448.964534862736,59,10383.41,0.001038341,0.001038341
49656,BK,20265,06405810,BANK OF NEW YORK MELLON CORP,116.09,82,False,0.0037820992886391,116.09,33201.1673667537,285,33085.65,0.0033085650000000003,0.0033085650000000003
86783,BKNG,16454,09857L10,BOOKING HOLDINGS INC,5355.33,83,False,0.0026898377472374,5355.33,23612.746895276578,4,21421.32,0.002142132,0.002142132
75034,BKR,20253,05722G10,BAKER HUGHES CO,45.54,84,False,0.0019117744864191,45.54,16782.516757757956,368,16758.72,0.0016758720000000001,0.0016758720000000001
90720,BLDR,46846,12008R10,BUILDERS FIRSTSOURCE INC,102.89,85,False,0.0011748527215559,102.89,10313.447337787658,100,10289.0,0.0010289,0.0010289
87267,BLK,36336,09290D10,BLACKROCK INC NEW,1070.34,86,False,0.0054303505055372,1070.34,47670.34449255581,44,47094.96,0.004709496,0.004709496
19393,BMY,20331,11012210,BRISTOL MYERS SQUIBB CO,53.94,87,False,0.0009808157011522,53.94,8610.092904676638,159,8576.46,0.0008576459999999999,0.0008576459999999999
91849,BR,51962,11133T10,BROADRIDGE FINANCIAL SOLUTNS INC,223.17,88,False,0.0033344085767218,223.17,29271.1134150882,131,29235.269999999997,0.0029235269999999995,0.0029235269999999995
63467,BRO,3624,11523610,BROWN & BROWN INC,79.7,89,False,0.0023123373276401,79.7,20298.85858734176,254,20243.8,0.00202438,0.00202438
77605,BSX,29489,10113710,BOSTON SCIENTIFIC CORP,95.35,90,False,0.0026191961878196,95.35,22992.619802282465,241,22979.35,0.0022979349999999996,0.0022979349999999996
92108,BX,52388,09260D10,BLACKSTONE INC,154.14,91,False,0.0028316705788377,154.14,24857.826736043153,161,24816.539999999997,0.002481654,0.002481654
85058,BXP,31991,10112110,BXP INC,67.48,92,False,0.0017080325848183,67.48,14993.968002576317,222,14980.560000000001,0.0014980560000000002,0.0014980560000000002
70519,C,20483,17296742,CITIGROUP INC,116.69,93,False,0.0029615428064282,116.69,25997.91038680232,222,25905.18,0.002590518,0.002590518
56274,CAG,20495,20588710,CONAGRA BRANDS INC,17.31,94,False,0.0015639958383824,17.31,13729.541090319939,793,13726.829999999998,0.0013726829999999998,0.0013726829999999998
21371,CAH,6262,14149Y10,CARDINAL HEALTH INC,205.5,95,False,0.0014891377676737,205.5,13072.399343190891,63,12946.5,0.00129465,0.00129465
19285,CARR,57036,14448C10,CARRIER GLOBAL CORP,52.84,96,False,0.0026000477431135,52.84,22824.52513607157,431,22774.04,0.0022774040000000002,0.0022774040000000002
18542,CAT,20408,14912310,CATERPILLAR INC,572.87,97,False,0.0025208050627797,572.87,22128.893083191397,38,21769.06,0.002176906,0.002176906
79057,CB,29796,H1467J10,CHUBB LTD,312.12,98,False,0.002005588293494,312.12,17606.06148048967,56,17478.72,0.0017478720000000001,0.0017478720000000001
93429,CBOE,53447,12503M10,C B O E GLOBAL MARKETS INC,251.0,99,False,0.0014100536541418,251.0,12378.159269348525,49,12299.0,0.0012299,0.0012299
90199,CBRE,45270,12504L10,C B R E GROUP INC,160.79,100,False,0.0033438709450246,160.79,29354.178837154406,182,29263.78,0.002926378,0.002926378
86339,CCI,16268,22822V10,CROWN CASTLE INC,88.87,101,False,0.0015447050832631,88.87,13560.197151817096,152,13508.240000000002,0.0013508240000000003,0.0013508240000000003
75154,CCL,20394,14365830,CARNIVAL CORP,30.54,102,False,0.0013491821080037,30.54,11843.79826056302,387,11818.98,0.001181898,0.001181898
11403,CDNS,9245,12738710,CADENCE DESIGN SYSTEMS INC,312.58,103,False,0.0012327285859292,312.58,10821.510747261209,34,10627.72,0.001062772,0.001062772
13949,CDW,54426,12514G10,C D W CORP NEW,136.2,104,False,0.0020348618994081,136.2,17863.03989782047,131,17842.199999999997,0.0017842199999999998,0.0017842199999999998
22623,CEG,59113,21037T10,CONSTELLATION ENERGY CORP,353.27,105,False,0.0005426593132413,353.27,4763.736038388086,13,4592.51,0.00045925100000000004,0.00045925100000000004
90829,CF,47183,12526910,C F INDUSTRIES HOLDINGS INC,77.34,106,False,0.001257006926011,77.34,11034.638211911364,142,10982.28,0.0010982280000000001,0.0010982280000000001
14889,CFG,55006,17461010,CITIZENS FINANCIAL GROUP INC,58.41,107,False,0.0024356537224006,58.41,21381.391844415833,366,21378.059999999998,0.002137806,0.002137806
23393,CHD,1103,17134010,CHURCH & DWIGHT INC,83.85,108,False,0.001959935124125,83.85,17205.295027425895,205,17189.25,0.001718925,0.001718925
85459,CHRW,15758,12541W20,CH ROBINSON WORLDWIDE INC,160.76,109,False,0.0012701232115135,160.76,11149.779554579636,69,11092.439999999999,0.001109244,0.001109244
12308,CHTR,17322,16119P10,CHARTER COMMUNICATIONS INC NEW,208.75,110,False,0.0009141262083369,208.75,8024.659037507748,38,7932.5,0.00079325,0.00079325
64186,CI,20357,12552310,CIGNA GROUP,275.23,111,False,0.0007487181807011,275.23,6572.6242837303325,23,6330.290000000001,0.0006330290000000001,0.0006330290000000001
23473,CINF,912,17206210,CINCINNATI FINANCIAL CORP,163.32,112,False,0.0023149761583679,163.32,20322.023568998742,124,20251.68,0.002025168,0.002025168
18729,CL,20473,19416210,COLGATE PALMOLIVE CO,79.02,113,False,0.0018021704513138,79.02,15820.357481682468,200,15804.0,0.0015804,0.0015804
46578,CLX,20463,18905410,CLOROX CO,100.83,114,False,0.0015831514654932,100.83,13897.698807287132,137,13813.71,0.001381371,0.001381371
89525,CMCSA,43613,20030N10,COMCAST CORP NEW,29.89,115,False,0.0023053065959422,29.89,20237.13929284468,677,20235.53,0.002023553,0.002023553
89626,CME,43791,12572Q10,C M E GROUP INC,273.08,116,False,0.0021202841183282,273.08,18612.91904449571,68,18569.44,0.001856944,0.001856944
91068,CMG,50184,16965610,CHIPOTLE MEXICAN GRILL INC,37.0,117,False,0.0012846285623635,37.0,11277.114810618785,304,11248.0,0.0011248,0.0011248
41080,CMI,20543,23102110,CUMMINS INC,510.45,118,False,0.0029484012298203,510.45,25882.54702610671,50,25522.5,0.00255225,0.00255225
23229,CMS,20361,12589610,C M S ENERGY CORP,69.93,119,False,0.0021246971185893,69.93,18651.658577510727,266,18601.38,0.0018601380000000001,0.0018601380000000001
89269,CNC,42540,15135B10,CENTENE CORP DEL,41.15,120,False,0.0004468943674823,41.15,3923.063240198084,95,3909.25,0.000390925,0.000390925
21792,CNP,20939,15189T10,CENTERPOINT ENERGY INC,38.34,121,False,0.0020899504108639,38.34,18346.634523250694,478,18326.52,0.001832652,0.001832652
81055,COF,30513,14040H10,CAPITAL ONE FINANCIAL CORP,242.36,122,False,0.0019448556196219,242.36,17072.91956221295,70,16965.2,0.00169652,0.00169652
20892,COIN,58167,19260Q10,COINBASE GLOBAL INC,226.14,123,False,0.0002822672997445,226.14,2477.884144694396,10,2261.3999999999996,0.00022613999999999997,0.00022613999999999997
65541,COO,5780,21664850,COOPER COMPANIES INC,81.96,124,False,0.0021059387961075,81.96,18486.98860014959,225,18441.0,0.0018441,0.0018441
13928,COP,21401,20825C10,CONOCOPHILLIPS,93.61,125,False,0.0010947777750095,93.61,9610.509234032188,102,9548.22,0.0009548219999999999,0.0009548219999999999
81540,COR,13650,03073E10,CENCORA INC,337.75,126,False,0.0015647173609408,337.75,13735.8749777703,40,13510.0,0.001351,0.001351
87055,COST,7882,22160K10,COSTCO WHOLESALE CORP NEW,862.34,127,False,0.00282969903594,862.34,24840.519542148508,28,24145.52,0.002414552,0.002414552
12449,CPAY,53610,21994810,CORPAY INC,300.93,128,False,0.0023126215959745,300.93,20301.354037573816,67,20162.31,0.0020162310000000003,0.0020162310000000003
25320,CPB,20384,13442910,CAMPBELLS CO,27.87,129,False,0.0013531263296387,27.87,11878.42261932287,426,11872.62,0.0011872620000000001,0.0011872620000000001
80320,CPRT,12926,21720410,COPART INC,39.15,130,False,0.0031687756883331,39.15,27817.104720670544,710,27796.5,0.00277965,0.00277965
79452,CPT,29911,13313110,CAMDEN PROPERTY TRUST,110.08,131,False,0.0028624030911773,110.08,25127.61216680984,228,25098.239999999998,0.002509824,0.002509824
24294,CRH,10241,G2550810,C R H PLC NEW,124.8,132,False,,,,0,0.0,,0.0
88281,CRL,37660,15986410,CHARLES RIVER LABS INTL INC,199.48,133,False,0.0012197690161267,199.48,10707.745133728426,53,10572.439999999999,0.001057244,0.001057244
90215,CRM,45288,79466L30,SALESFORCE INC,264.91,134,False,0.0016813134544781,264.91,14759.414054988574,55,14570.050000000001,0.0014570050000000001,0.0014570050000000001
18726,CRWD,56769,22788C10,CROWDSTRIKE HOLDINGS INC,468.76,135,False,0.0008765479429459,468.76,7694.778147720792,16,7500.16,0.0007500159999999999,0.0007500159999999999
76076,CSCO,10486,17275R10,CISCO SYSTEMS INC,77.03,136,False,0.0039668500011048,77.03,34823.00192411876,452,34817.56,0.003481756,0.003481756
86288,CSGP,16188,22160N10,COSTAR GROUP INC,67.24,137,False,0.0014931670443962,67.24,13107.77035823339,194,13044.56,0.0013044559999999998,0.0013044559999999998
62148,CSX,20370,12640810,C S X CORP,36.25,138,False,0.0036794873562038,36.25,32300.38828016439,891,32298.75,0.003229875,0.003229875
23660,CTAS,6304,17290810,CINTAS CORP,188.07,139,False,0.0030126770750561,188.07,26446.79268240761,140,26329.8,0.00263298,0.00263298
76082,CTRA,26024,12709710,COTERRA ENERGY INC,26.32,140,False,0.0011838197468413,26.32,10392.164390028136,394,10370.08,0.001037008,0.001037008
86158,CTSH,16167,19244610,COGNIZANT TECHNOLOGY SOLS CORP,83.0,141,False,0.0033628628996968,83.0,29520.899755240192,355,29465.0,0.0029465,0.0029465
18592,CTVA,56723,22052L10,CORTEVA INC,67.03,142,False,0.0015594727279625,67.03,13689.83495502082,204,13674.12,0.0013674120000000001,0.0013674120000000001
16655,CVNA,55904,14686910,CARVANA CO,422.02,143,False,0.000186033399742,422.02,1633.094630591471,3,1266.06,0.000126606,0.000126606
17005,CVS,21185,12665010,C V S HEALTH CORP,79.36,144,False,0.0009777160584946,79.36,8582.88268442641,108,8570.88,0.0008570879999999999,0.0008570879999999999
14541,CVX,20440,16676410,CHEVRON CORP NEW,152.41,145,False,0.0018375678984192,152.41,16131.094053097302,105,16003.05,0.001600305,0.001600305
64936,D,20592,25746U10,DOMINION ENERGY INC,58.59,146,False,0.0015553672682996,58.59,13653.795167859536,233,13651.470000000001,0.0013651470000000001,0.0013651470000000001
91926,DAL,20569,24736170,DELTA AIR LINES INC,69.4,147,False,0.0019838874084989,69.4,17415.56021128892,250,17350.0,0.001735,0.001735
20189,DASH,57587,25809K10,DOORDASH INC,226.48,148,False,0.0013136752594311,226.48,11532.101308114938,50,11324.0,0.0011324,0.0011324
17700,DAY,56345,15677J10,DAYFORCE INC,69.16,149,False,,,,0,0.0,,0.0
16851,DD,56027,26614N10,DUPONT DE NEMOURS INC,40.2,150,False,0.0024655510802318,40.2,21643.845869395853,538,21627.600000000002,0.00216276,0.00216276
18911,DDOG,56876,23804L10,DATADOG INC,135.99,151,False,0.000977469281184,135.99,8580.716349233633,63,8567.37,0.0008567370000000001,0.0008567370000000001
19350,DE,20566,24419910,DEERE & CO,465.57,152,False,0.002337455242771,465.57,20519.356263505357,44,20485.079999999998,0.0020485079999999997,0.0020485079999999997
79686,DECK,12484,24353710,DECKERS OUTDOOR CORP,103.67,153,False,0.0008093943545588,103.67,7105.270216499755,68,7049.56,0.0007049560000000001,0.0007049560000000001
18267,DELL,55676,24703L20,DELL TECHNOLOGIES INC,125.88,154,False,0.0008358944621544,125.88,7337.901472416646,58,7301.04,0.000730104,0.000730104
93096,DG,53264,25667710,DOLLAR GENERAL CORP NEW,132.77,155,False,0.0004607053807731,132.77,4044.3032523653233,30,3983.1000000000004,0.00039831,0.00039831
84373,DGX,31838,74834L10,QUEST DIAGNOSTICS INC,173.53,156,False,0.0017560424625299,173.53,15415.422825285048,88,15270.64,0.0015270639999999999,0.0015270639999999999
77661,DHI,11559,23331A10,D R HORTON INC,144.03,157,False,0.0015383717520658,144.03,13504.599989230099,93,13394.79,0.0013394790000000002,0.0013394790000000002
49680,DHR,20557,23585110,DANAHER CORP,228.92,158,False,0.0016298703347805,228.92,14307.820509552457,62,14193.039999999999,0.001419304,0.001419304
26403,DIS,20587,25468710,DISNEY WALT CO,113.77,159,False,0.0028366283679768,113.77,24901.348699485727,218,24801.86,0.002480186,0.002480186
90373,DLR,45684,25386810,DIGITAL REALTY TRUST INC,154.71,160,False,0.0018391339342605,154.71,16144.84150235796,104,16089.84,0.001608984,0.001608984
81481,DLTR,13603,25674610,DOLLAR TREE INC,123.01,161,False,0.0005380372127241,123.01,4723.160918290503,38,4674.38,0.00046743800000000003,0.00046743800000000003
67598,DOC,20891,42250P10,HEALTHPEAK PROPERTIES INC,16.08,162,False,0.002633915235618,16.08,23121.830997478184,1437,23106.96,0.002310696,0.002310696
25953,DOV,20596,26000310,DOVER CORP,195.24,163,False,0.0043778684777657,195.24,38431.12857363276,196,38267.04,0.003826704,0.003826704
18428,DOW,56668,26055710,DOW INC,23.38,164,False,0.0016288108558455,23.38,14298.519871267219,611,14285.18,0.001428518,0.001428518
90248,DPZ,45379,25754A20,DOMINOS PIZZA INC,416.82,165,False,0.0019333361363482,416.82,16971.795751609276,40,16672.8,0.00166728,0.00166728
81655,DRI,30886,23719410,DARDEN RESTAURANTS INC,184.02,166,False,0.0021861451405192,184.02,19191.080180369983,104,19138.08,0.0019138080000000001,0.0019138080000000001
11674,DTE,20574,23333110,D T E ENERGY CO,128.98,167,False,0.0022538968579327,128.98,19785.838788634876,153,19733.94,0.001973394,0.001973394
27959,DUK,20608,26441C20,DUKE ENERGY CORP NEW,117.21,168,False,0.0019389097095993,117.21,17020.723377305538,145,16995.45,0.001699545,0.001699545
82307,DVA,30975,23918K10,DAVITA INC,113.61,169,False,0.0014187260264181,113.61,12454.28970946604,109,12383.49,0.001238349,0.001238349
87137,DVN,35222,25179M10,DEVON ENERGY CORP NEW,36.63,170,False,0.0010649848144875,36.63,9348.971661072823,255,9340.650000000001,0.0009340650000000002,0.0009340650000000002
90664,DXCM,46559,25213110,DEXCOM INC,66.37,171,False,0.0008666229530681,66.37,7607.651601086755,114,7566.18,0.000756618,0.000756618
75828,EA,10303,28551210,ELECTRONIC ARTS INC,204.33,172,False,,,,0,0.0,,0.0
86356,EBAY,16285,27864210,EBAY INC,87.1,173,False,0.0017783290082619,87.1,15611.065318621386,179,15590.9,0.00155909,0.00155909
70578,ECL,1467,27886510,ECOLAB INC,262.52,174,False,0.0033392945032669,262.52,29314.004532582865,111,29139.719999999998,0.002913972,0.002913972
11404,ED,20499,20911510,CONSOLIDATED EDISON INC,99.32,175,False,0.0018935841278152,99.32,16622.83265261468,167,16586.44,0.001658644,0.001658644
52476,EFX,20659,29442910,EQUIFAX INC,216.98,176,False,0.0026892698961888,216.98,23607.762013530984,108,23433.84,0.002343384,0.002343384
82303,EG,30970,G3223R10,EVEREST GROUP LTD,339.35,177,False,0.0014828950997827,339.35,13017.598068648273,38,12895.300000000001,0.00128953,0.00128953
15720,EIX,21543,28102010,EDISON INTERNATIONAL,60.02,178,False,0.0016109624398324,60.02,14141.83750994941,235,14104.7,0.00141047,0.00141047
82642,EL,31196,51843910,LAUDER ESTEE COS INC,104.72,179,False,0.0011678655830398,104.72,10252.110726137993,97,10157.84,0.001015784,0.001015784
89179,ELV,42273,03675210,ELEVANCE HEALTH INC,350.55,180,False,0.0008115814788826,350.55,7124.469892442823,20,7011.0,0.0007011,0.0007011
82694,EME,14268,29084Q10,EMCOR GROUP INC,611.79,181,False,0.0014586707088958,611.79,12804.944197130524,20,12235.8,0.00122358,0.00122358
22103,EMR,20643,29101110,EMERSON ELECTRIC CO,132.72,182,False,0.004200012046416,132.72,36869.81547901548,277,36763.44,0.0036763440000000002,0.0036763440000000002
75825,EOG,22113,26875P10,EOG RESOURCES INC,105.01,183,False,0.0015576544726824,105.01,13673.873396832378,130,13651.300000000001,0.0013651300000000002,0.0013651300000000002
13210,EPAM,53983,29414B10,EPAM SYSTEMS INC,204.88,184,False,0.0011806102051368,204.88,10363.989420740108,50,10244.0,0.0010244,0.0010244
89617,EQIX,38419,29444U70,EQUINIX INC,766.16,185,False,0.0022938041394159,766.16,20136.164951582497,26,19920.16,0.001992016,0.001992016
79547,EQR,29940,29476L10,EQUITY RESIDENTIAL,63.04,186,False,0.0030762782710151,63.04,27005.115928469266,428,26981.12,0.002698112,0.002698112
24328,EQT,20662,26884L10,E Q T CORP,53.6,187,False,0.0007507443180334,53.6,6590.410734995583,122,6539.2,0.00065392,0.00065392
82486,ERIE,14013,29530P10,ERIE INDEMNITY CO,286.65,188,False,0.0010545032721582,286.65,9256.95941745401,32,9172.8,0.0009172799999999999,0.0009172799999999999
44206,ES,21299,30040W10,EVERSOURCE ENERGY,67.33,189,False,0.0016126652342337,67.33,14156.785494545837,210,14139.3,0.0014139299999999999,0.0014139299999999999
80681,ESS,30421,29717810,ESSEX PROPERTY TRUST INC,261.68,190,False,0.0025627031289345,261.68,22496.695353990424,85,22242.8,0.00222428,0.00222428
11762,ETN,20627,G2918310,EATON CORP PLC,318.51,191,False,0.0021255208868305,318.51,18658.890028924405,58,18473.579999999998,0.001847358,0.001847358
24010,ETR,21201,29364G10,ENTERGY CORP NEW,92.43,192,False,0.0018071548335186,92.43,15864.112892413894,171,15805.53,0.0015805530000000002,0.0015805530000000002
24053,EVRG,21035,30034W10,EVERGY INC,72.49,193,False,0.0025848580482022,72.49,22691.18236410498,313,22689.37,0.002268937,0.002268937
87657,EW,36952,28176E10,EDWARDS LIFESCIENCES CORP,85.25,194,False,0.0015758428207528,85.25,13833.539852502663,162,13810.5,0.00138105,0.00138105
21776,EXC,21396,30161N10,EXELON CORP,43.59,195,False,0.0019008130656988,43.59,16686.291900572083,382,16651.38,0.001665138,0.001665138
20583,EXE,11937,16516773,EXPAND ENERGY CORP,110.36,196,False,0.0010905047407143,110.36,9572.998392573061,86,9490.96,0.0009490959999999999,0.0009490959999999999
87717,EXPD,7232,30213010,EXPEDITORS INTERNATIONAL WA INC,149.01,197,False,0.0025670527687848,149.01,22534.878677492456,151,22500.51,0.002250051,0.002250051
90808,EXPE,47013,30212P30,EXPEDIA GROUP INC,283.31,198,False,0.0013893892668461,283.31,12196.756897603063,43,12182.33,0.001218233,0.001218233
90305,EXR,45469,30225T10,EXTRA SPACE STORAGE INC,130.22,199,False,0.0021545901165904,130.22,18914.07432971211,145,18881.9,0.00188819,0.00188819
25785,F,20750,34537086,FORD MOTOR CO DEL,13.12,200,False,0.0019200256618794,13.12,16854.94972065049,1284,16846.079999999998,0.0016846079999999998,0.0016846079999999998
13641,FANG,54222,25278X10,DIAMONDBACK ENERGY INC,150.33,201,False,0.0015193076798536,150.33,13337.245987152357,88,13229.04,0.0013229040000000002,0.0013229040000000002
11618,FAST,9440,31190010,FASTENAL CO,40.13,202,False,0.0029836704283528,40.13,26192.157767127243,652,26164.760000000002,0.0026164760000000004,0.0026164760000000004
81774,FCX,20763,35671D85,FREEPORT MCMORAN INC,50.79,203,False,0.0014906808101257,50.79,13085.94494493031,257,13053.03,0.001305303,0.001305303
83597,FDS,31661,30307510,FACTSET RESEARCH SYSTEMS INC,290.19,204,False,0.0024494920973781,290.19,21502.872051213155,74,21474.06,0.002147406,0.002147406
60628,FDX,1685,31428X10,FEDEX CORP,288.86,205,False,0.0022186223435059,288.86,19476.181382023908,67,19353.620000000003,0.0019353620000000004,0.0019353620000000004
23026,FE,21326,33793210,FIRSTENERGY CORP,44.77,206,False,0.0020222067957934,44.77,17751.9470414226,396,17728.920000000002,0.001772892,0.001772892
86964,FFIV,16561,31561610,F 5 INC,255.26,207,False,0.0025000551775873,255.26,21946.740167961696,85,21697.1,0.00216971,0.00216971
11533,FICO,9360,30325010,FAIR ISAAC CORP,1690.62,208,False,0.0012410575676405,1690.62,10894.626732508388,6,10143.72,0.001014372,0.001014372
89003,FIS,41673,31620M10,FIDELITY NATIONAL INFO SVCS INC,66.46,209,False,0.0018419901008737,66.46,16169.914367588399,243,16149.779999999999,0.001614978,0.001614978
10696,FISV,8598,33773810,FISERV INC,67.17,210,False,0.0008346921555651,67.17,7327.347021237269,109,7321.53,0.0007321529999999999,0.0007321529999999999
34746,FITB,1741,31677310,FIFTH THIRD BANCORP,46.81,211,False,0.0020053442426468,46.81,17603.919079562165,376,17600.56,0.001760056,0.001760056
85059,FIX,31994,19990810,COMFORT SYSTEMS USA INC,933.29,212,False,0.0006119802242666,933.29,5372.269816409282,5,4666.45,0.00046664499999999996,0.00046664499999999996
18421,FOX,56662,35137L20,FOX CORP,64.93,213,False,,,,0,0.0,,0.0
18420,FOXA,56662,35137L10,FOX CORP,73.07,214,False,0.0023489234372035,73.07,20620.02983489775,282,20605.739999999998,0.002060574,0.002060574
58413,FRT,20697,31374510,FEDERAL REALTY INVESTMENT TR NEW,100.8,215,False,0.0038320580857387,100.8,33639.73078282477,333,33566.4,0.00335664,0.00335664
91611,FSLR,51447,33643310,FIRST SOLAR INC,261.23,216,False,0.0004174468664007,261.23,3664.558283736547,14,3657.2200000000003,0.000365722,0.000365722
93132,FTNT,53286,34959E10,FORTINET INC,79.41,217,False,0.0008143833668826,79.41,7149.066272741547,90,7146.9,0.0007146899999999999,0.0007146899999999999
16087,FTV,55585,34959J10,FORTIVE CORP,55.21,218,False,0.0038564421139332,55.21,33853.78603081709,613,33843.73,0.0033843730000000004,0.0033843730000000004
12052,GD,20791,36955010,GENERAL DYNAMICS CORP,336.66,219,False,0.0021993200149115,336.66,19306.73584574309,57,19189.620000000003,0.0019189620000000002,0.0019189620000000002
15315,GDDY,55241,38023710,GODADDY INC,124.08,220,False,0.0016637214871095,124.08,14604.982928690588,117,14517.36,0.0014517360000000001,0.0014517360000000001
12060,GE,20792,36960430,GENERAL ELECTRIC CO,308.03,221,False,0.0022103626472665,308.03,19403.673619452307,62,19097.859999999997,0.0019097859999999997,0.0019097859999999997
23570,GEHC,59446,36266G10,G E HEALTHCARE TECHNOLOGIES INC,82.02,222,False,0.0022492078676557,82.02,19744.67647662593,240,19684.8,0.00196848,0.00196848
75607,GEN,10224,66877110,GEN DIGITAL INC,27.19,223,False,0.0016913357382198,27.19,14847.394696032246,546,14845.740000000002,0.0014845740000000002,0.0014845740000000002
24878,GEV,59815,36828A10,G E VERNOVA INC,653.57,224,False,,,,0,0.0,,0.0
77274,GILD,11300,37555810,GILEAD SCIENCES INC,122.74,225,False,0.0012931190183525,122.74,11351.648298186816,92,11292.08,0.001129208,0.001129208
17144,GIS,20798,37033410,GENERAL MILLS INC,46.5,226,False,0.0015194211951546,46.5,13338.24248148515,286,13299.0,0.0013299,0.0013299
62308,GL,21764,37959E10,GLOBE LIFE INC,139.86,227,False,0.0005423625032817,139.86,4761.130491470161,34,4755.240000000001,0.00047552400000000006,0.00047552400000000006
22293,GLW,20523,21935010,CORNING INC,87.56,228,False,0.0027922122066712,87.56,24511.441324572104,279,24429.24,0.002442924,0.002442924
12369,GM,53554,37045V10,GENERAL MOTORS CO,81.32,229,False,0.0019334566504515,81.32,16972.85368494427,208,16914.559999999998,0.0016914559999999998,0.0016914559999999998
93246,GNRC,53339,36873610,GENERAC HOLDINGS INC,136.37,230,False,0.0010722296531943,136.37,9412.570494443524,69,9409.53,0.000940953,0.000940953
14542,GOOG,45483,02079K10,ALPHABET INC,313.8,231,False,,,,0,0.0,,0.0
90319,GOOGL,45483,02079K30,ALPHABET INC,313.0,232,False,0.0018782251101198,313.0,16488.003480195624,52,16276.0,0.0016276,0.0016276
46674,GPC,20807,37246010,GENUINE PARTS CO,122.96,233,False,0.0018636052983188,122.96,16359.663428432972,133,16353.679999999998,0.0016353679999999999,0.0016353679999999999
88873,GPN,41168,37940X10,GLOBAL PAYMENTS INC,77.4,234,False,0.0023200742286203,77.4,20366.77699051939,263,20356.2,0.00203562,0.00203562
88837,GRMN,41059,H2906T10,GARMIN LTD,202.85,235,False,0.0018127702716513,202.85,15913.408029070264,78,15822.3,0.00158223,0.00158223
86868,GS,35048,38141G10,GOLDMAN SACHS GROUP INC,879.0,236,False,0.0044214397912971,879.0,38813.619450403436,44,38676.0,0.0038676,0.0038676
52695,GWW,20841,38480210,GRAINGER W W INC,1009.05,237,False,0.0030296669742877,1009.05,26595.93855217022,26,26235.3,0.00262353,0.00262353
23819,HAL,20868,40621610,HALLIBURTON CO,28.26,238,False,0.0011614158419999,28.26,10195.49165947806,360,10173.6,0.0010173600000000001,0.0010173600000000001
52978,HAS,20887,41805610,HASBRO INC,82.0,239,False,0.0013738076541305,82.0,12059.97367428353,147,12054.0,0.0012054,0.0012054
42906,HBAN,2093,44615010,HUNTINGTON BANCSHARES INC,17.35,240,False,0.0016740235667853,17.35,14695.419758989918,846,14678.1,0.00146781,0.00146781
12622,HCA,53696,40412C10,H C A HEALTHCARE INC,466.86,241,False,0.0021092114282191,466.86,18515.717408722496,39,18207.54,0.0018207540000000002,0.0018207540000000002
66181,HD,5085,43707610,HOME DEPOT INC,344.1,242,False,0.0034771238901483,344.1,30523.940124610388,88,30280.800000000003,0.0030280800000000003,0.0030280800000000003
82775,HIG,31386,41651510,HARTFORD INSURANCE GROUP INC,137.8,243,False,0.0026145150739189,137.8,22951.526633061123,166,22874.800000000003,0.00228748,0.00228748
12623,HII,53697,44641310,HUNTINGTON INGALLS INDS INC,340.07,244,False,0.0009723771184556,340.07,8536.014786926107,25,8501.75,0.000850175,0.000850175
14338,HLT,54672,43300A20,HILTON WORLDWIDE HOLDINGS INC,287.25,245,False,0.0045280624325687,287.25,39749.60655380323,138,39640.5,0.00396405,0.00396405
76095,HOLX,10504,43644010,HOLOGIC INC,74.49,246,False,,,,0,0.0,,0.0
10145,HON,22168,43851610,HONEYWELL INTERNATIONAL INC,195.09,247,False,0.0040497616127379,195.09,35550.84169890911,182,35506.38,0.0035506379999999996,0.0035506379999999996
21723,HOOD,58570,77070010,ROBINHOOD MARKETS INC,113.1,248,False,0.0005872524366061,113.1,5155.196875148339,45,5089.5,0.00050895,0.00050895
15707,HPE,55421,42824C10,HEWLETT PACKARD ENTERPRISE CO,24.02,249,False,0.0020438919392829,24.02,17942.310123779975,746,17918.92,0.0017918919999999998,0.0017918919999999998
27828,HPQ,20908,40434L10,H P INC,22.28,250,False,0.0017362223421751,22.28,15241.431852836067,684,15239.52,0.001523952,0.001523952
32870,HRL,20932,44045210,HORMEL FOODS CORP,23.7,251,False,0.0013193361492322,23.7,11581.795442347648,488,11565.6,0.00115656,0.00115656
82581,HSIC,14098,80640710,SCHEIN HENRY INC,75.58,252,False,0.0019517498504685,75.58,17133.440583670683,226,17081.079999999998,0.0017081079999999998,0.0017081079999999998
46703,HST,21157,44107P10,HOST HOTELS & RESORTS INC,17.73,253,False,0.0026491187287479,17.73,23255.294897138716,1311,23244.03,0.002324403,0.002324403
46703,HST,21157,44107P10,HOST HOTELS & RESORTS INC,17.73,254,True,0.0026491187287479,17.73,23255.294897138716,0,0.0,0.002324403,0.0
16600,HSY,20906,42786610,HERSHEY CO,181.98,255,False,0.0012539207740318,181.98,11007.54641961272,60,10918.8,0.00109188,0.00109188
32942,HUBB,20945,44351060,HUBBELL INC,444.11,256,False,0.001870490632972,444.11,16420.106354636333,36,15987.960000000001,0.0015987960000000002,0.0015987960000000002
48653,HUM,20950,44485910,HUMANA INC,256.13,257,False,0.0005690749025623,256.13,4995.625350435611,19,4866.47,0.00048664700000000005,0.00048664700000000005
24643,HWM,20060,44320110,HOWMET AEROSPACE INC,205.02,258,False,0.0022891224063643,205.02,20095.066347143544,98,20091.960000000003,0.0020091960000000004,0.0020091960000000004
92043,IBKR,52295,45841N10,INTERACTIVE BROKERS GROUP INC,64.31,259,False,0.00153805860899,64.31,13501.851062013777,209,13440.79,0.0013440790000000002,0.0013440790000000002
12490,IBM,20990,45920010,INTERNATIONAL BUSINESS MACHS COR,296.21,260,False,0.0019344418885624,296.21,16981.502599983167,57,16883.969999999998,0.0016883969999999997,0.0016883969999999997
90993,ICE,48793,45866F10,INTERCONTINENTALEXCHANGE GRP INC,161.96,261,False,0.0042576966955345,161.96,37376.20030493181,230,37250.8,0.0037250800000000004,0.0037250800000000004
76709,IDXX,10989,45168D10,I D E X X LABORATORIES INC,676.53,262,False,0.0019568306684296,676.53,17178.042555912187,25,16913.25,0.001691325,0.001691325
75591,IEX,22075,45167R10,IDEX CORP,177.94,263,False,0.0030771155005492,177.94,27012.465549873847,151,26868.94,0.002686894,0.002686894
40272,IFF,20991,45950610,INTERNATIONAL FLAVORS & FRAG INC,67.39,264,False,0.0012048632367952,67.39,10576.894715336817,156,10512.84,0.001051284,0.001051284
79906,INCY,30033,45337C10,INCYTE CORP,98.77,265,False,0.0013673231622534,98.77,12003.049547318735,121,11951.17,0.001195117,0.001195117
59328,INTC,2367,45814010,INTEL CORP,36.9,266,False,0.0006594408151725,36.9,5788.9027236217225,156,5756.4,0.00057564,0.00057564
78975,INTU,12011,46120210,INTUIT INC,662.42,267,False,0.002254577017779,662.42,19791.80957342124,29,19210.18,0.001921018,0.001921018
16581,INVH,55858,46187W10,INVITATION HOMES INC,27.79,268,False,0.0029326341553201,27.79,25744.13572608143,926,25733.54,0.002573354,0.002573354
21573,IP,20994,46014610,INTERNATIONAL PAPER CO,39.39,269,False,0.0012241123739228,39.39,10745.87331020311,272,10714.08,0.001071408,0.001071408
13911,IQV,54401,46266C10,IQVIA HOLDINGS INC,225.41,270,False,0.0025239564078964,225.41,22156.557173598612,98,22090.18,0.002209018,0.002209018
16692,IR,55928,45687V10,INGERSOLL RAND INC,79.22,271,False,0.004211404786743,79.22,36969.82667636794,466,36916.52,0.0036916519999999997,0.0036916519999999997
83143,IRM,14330,46284V10,IRON MOUNTAIN INC NEW,82.95,272,False,0.0027815563589443,82.95,24417.89894061667,294,24387.3,0.00243873,0.00243873
88352,ISRG,37727,46120E60,INTUITIVE SURGICAL INC,566.36,273,False,0.0024909916011706,566.36,21867.175541391436,38,21521.68,0.002152168,0.002152168
79698,IT,12457,36665110,GARTNER INC,252.28,274,False,0.0020308416754855,252.28,17827.74835280286,70,17659.6,0.0017659599999999998,0.0017659599999999998
56573,ITW,20968,45230810,ILLINOIS TOOL WORKS INC,246.3,275,False,0.0045523405383989,246.3,39962.73196207518,162,39900.6,0.00399006,0.00399006
19583,IVZ,30929,G491BT10,INVESCO LTD,26.27,276,False,0.0026845563994943,26.27,23566.384571879247,897,23564.19,0.002356419,0.002356419
52329,J,21011,46982L10,JACOBS SOLUTIONS INC,132.46,277,False,0.0033099823021413,132.46,29056.68730709851,219,29008.74,0.0029008740000000003,0.0029008740000000003
42877,JBHT,6606,44565810,HUNT J B TRANSPORT SERVICES INC,194.34,278,False,0.0018959399069284,194.34,16643.512865017197,85,16518.9,0.00165189,0.00165189
79094,JBL,12108,46631310,JABIL INC,228.02,279,False,0.0012368722673048,228.02,10857.886063815973,47,10716.94,0.001071694,0.001071694
45356,JCI,21791,G5150210,JOHNSON CONTROLS INTL PLC,119.75,280,False,0.0035585051857759,119.75,31238.346016801395,260,31135.0,0.0031135,0.0031135
88664,JKHY,7864,42628110,HENRY JACK & ASSOC INC,182.48,281,False,0.00195234147496,182.48,17138.634160639846,93,16970.64,0.0016970639999999999,0.0016970639999999999
22111,JNJ,21018,47816010,JOHNSON & JOHNSON,206.95,282,False,0.0021085319812755,206.95,18509.752882154127,89,18418.55,0.0018418549999999999,0.0018418549999999999
47896,JPM,20436,46625H10,JPMORGAN CHASE & CO,322.22,283,False,0.0035076529585043,322.22,30791.93962189575,95,30610.9,0.0030610900000000003,0.0030610900000000003
17942,KDP,56438,49271V10,KEURIG DR PEPPER INC,28.01,284,False,0.0017155604025344,28.01,15060.050967835694,537,15041.37,0.001504137,0.001504137
64995,KEY,2535,49326710,KEYCORP NEW,20.64,285,False,0.0015397774516705,20.64,13516.939926466337,654,13498.56,0.001349856,0.001349856
14939,KEYS,55033,49338L10,KEYSIGHT TECHNOLOGIES INC,203.19,286,False,0.0017755897304936,203.19,15587.01856238668,76,15442.44,0.001544244,0.001544244
15408,KHC,55296,50075410,KRAFT HEINZ CO,24.25,287,False,0.0017683901138647,24.25,15523.816711131583,640,15520.0,0.001552,0.001552
77129,KIM,29335,49446R10,KIMCO REALTY CORP,20.27,288,False,0.0033001706639118,20.27,28970.555818171655,1429,28965.829999999998,0.002896583,0.002896583
11990,KKR,53463,48251W10,K K R & CO INC,127.48,289,False,0.0024075840978768,127.48,21134.982580508866,165,21034.2,0.00210342,0.00210342
46886,KLAC,2551,48248010,K L A CORP,1215.08,290,False,0.0012691252655401,1215.08,11141.01908354035,9,10935.72,0.001093572,0.001093572
17750,KMB,21055,49436810,KIMBERLY CLARK CORP,100.89,291,False,0.0018333845893255,100.89,16094.370864527398,159,16041.51,0.001604151,0.001604151
12558,KMI,53667,49456B10,KINDER MORGAN INC,27.49,292,False,0.0027734153551904,27.49,24346.433120303987,885,24328.649999999998,0.0024328649999999998,0.0024328649999999998
11308,KO,20468,19121610,COCA COLA CO,69.91,293,False,0.0027826987315551,69.91,24427.927261226945,349,24398.59,0.002439859,0.002439859
16678,KR,21068,50104410,KROGER CO,62.48,294,False,0.0014866250704823,62.48,13050.341625075387,208,12995.84,0.0012995840000000001,0.0012995840000000001
23876,KVUE,59559,49177J10,KENVUE INC,17.25,295,False,,,,0,0.0,,0.0
26710,L,21111,54042410,LOEWS CORP,105.31,296,False,0.0038238901590542,105.31,33568.02861950344,318,33488.58,0.003348858,0.003348858
91547,LDOS,51338,52532710,LEIDOS HOLDINGS INC,180.4,297,False,0.0012459669981325,180.4,10937.724179455368,60,10824.0,0.0010824,0.0010824
52708,LEN,21095,52605710,LENNAR CORP,102.8,298,False,0.0015849714300207,102.8,13913.675370107836,135,13878.0,0.0013878,0.0013878
89731,LEN,21095,52605730,LENNAR CORP,95.12,299,False,,,,0,0.0,,0.0
12062,LH,9848,50492210,LABCORP HOLDINGS INC,250.88,300,False,0.0024909940667304,250.88,21867.197185313853,87,21826.56,0.0021826560000000003,0.0021826560000000003
25582,LHX,20883,50243110,L3HARRIS TECHNOLOGIES INC,293.57,301,False,0.0019486794946766,293.57,17106.487458238847,58,17027.06,0.0017027060000000002,0.0017027060000000002
87034,LII,35177,52610710,LENNOX INTERNATIONAL INC,485.58,302,False,0.0019976323066092,485.58,17536.21983119098,36,17480.88,0.001748088,0.001748088
18143,LIN,56540,G5495010,LINDE PLC NEW,426.39,303,False,0.0036783211226437,426.39,32290.15049615541,75,31979.25,0.003197925,0.003197925
50876,LLY,21102,53245710,LILLY ELI & CO,1074.68,304,False,0.0007314065852843,1074.68,6420.654403260715,5,5373.400000000001,0.0005373400000000001,0.0005373400000000001
21178,LMT,21110,53983010,LOCKHEED MARTIN CORP,483.67,305,False,0.001588951396406,483.67,13948.613514240997,28,13542.76,0.001354276,0.001354276
58819,LNT,4980,01880210,ALLIANT ENERGY CORP,65.01,306,False,0.0024844770685132,65.01,21809.987701367187,335,21778.350000000002,0.0021778350000000004,0.0021778350000000004
61399,LOW,2709,54866110,LOWES COMPANIES INC,241.16,307,False,0.0031397337653636,241.16,27562.16013260562,114,27492.239999999998,0.0027492239999999998,0.0027492239999999998
48486,LRCX,7013,51280730,LAM RESH CORP,171.18,308,False,0.0014862424714425,171.18,13046.982978518194,76,13009.68,0.001300968,0.001300968
92203,LULU,52547,55002110,LULULEMON ATHLETICA INC,207.81,309,False,0.0007847871353295,207.81,6889.255685491405,33,6857.7300000000005,0.0006857730000000001,0.0006857730000000001
58683,LUV,4181,84474110,SOUTHWEST AIRLINES CO,41.33,310,False,0.0017605312240152,41.33,15454.82742838221,373,15416.09,0.001541609,0.001541609
90505,LVS,46024,51783410,LAS VEGAS SANDS CORP,65.09,311,False,0.0017635789675695,65.09,15481.582052233895,237,15426.33,0.001542633,0.001542633
16431,LW,55778,51327210,LAMB WESTON HOLDINGS INC,41.89,312,False,0.0005556754902093,41.89,4877.998578054344,116,4859.24,0.000485924,0.000485924
12345,LYB,53531,N5374510,LYONDELLBASELL INDUSTRIES N V,43.3,313,False,0.0016962042616213,43.3,14890.133039990507,343,14851.9,0.00148519,0.00148519
91041,LYV,50016,53803410,LIVE NATION ENTERTAINMENT INC,142.5,314,False,0.0026836715742593,142.5,23558.61713150406,165,23512.5,0.00235125,0.00235125
91233,MA,50700,57636Q10,MASTERCARD INC,570.88,315,False,0.0050822668951524,570.88,44614.691712438536,78,44528.64,0.004452864,0.004452864
80183,MAA,30104,59522J10,MID AMERICA APT COMMUNITIES INC,138.91,316,False,0.0030119301114791,138.91,26440.235460916538,190,26392.899999999998,0.00263929,0.00263929
85913,MAR,30005,57190320,MARRIOTT INTERNATIONAL INC NEW,310.24,317,False,0.0041260790650089,310.24,36220.79463046355,116,35987.840000000004,0.0035987840000000003,0.0035987840000000003
34032,MAS,21161,57459910,MASCO CORP,63.46,318,False,0.0029216097119052,63.46,25647.357624025015,404,25637.84,0.002563784,0.002563784
43449,MCD,21177,58013510,MCDONALDS CORP,305.63,319,False,0.0025957298896476,305.63,22786.620849418632,74,22616.62,0.002261662,0.002261662
78987,MCHP,12027,59501710,MICROCHIP TECHNOLOGY INC,63.72,320,False,0.0016410226527841,63.72,14405.721158981998,226,14400.72,0.001440072,0.001440072
81061,MCK,30521,58155Q10,MCKESSON H B O C INC,820.29,321,False,0.0011306602766026,820.29,9925.50385739095,12,9843.48,0.000984348,0.000984348
48506,MCO,20610,61536910,MOODYS CORP,510.85,322,False,0.0051571465570863,510.85,45272.02299818802,88,44954.8,0.0044954800000000005,0.0044954800000000005
89006,MDLZ,41680,60920710,MONDELEZ INTERNATIONAL INC,53.83,323,False,0.0021926652190671,53.83,19248.316705006837,357,19217.309999999998,0.0019217309999999999,0.0019217309999999999
60097,MDT,2850,G5960L10,MEDTRONIC PLC,96.06,324,False,0.002361631743431,96.06,20731.589730555323,215,20652.9,0.00206529,0.00206529
87842,MET,37138,59156R10,METLIFE INC,78.94,325,False,0.0026015549125228,78.94,22837.755826222547,289,22813.66,0.002281366,0.002281366
13407,META,54084,30303M10,META PLATFORMS INC,660.09,326,False,0.0016577933565371,660.09,14552.942820727943,22,14521.980000000001,0.001452198,0.001452198
11891,MGM,9764,55295310,M G M RESORTS INTERNATIONAL,36.49,327,False,0.002022583753794,36.49,17755.25616810411,486,17734.14,0.0017734139999999998,0.0017734139999999998
52090,MKC,2801,57978020,MCCORMICK & CO INC,68.11,328,False,0.0019451337233796,68.11,17075.360896694165,250,17027.5,0.00170275,0.00170275
89155,MKC,2801,57978010,MCCORMICK & CO INC,68.01,329,False,,,,0,0.0,,0.0
80204,MLM,30260,57328410,MARTIN MARIETTA MATERIALS INC,622.66,330,False,0.0033393080972247,622.66,29314.123867172904,47,29265.019999999997,0.0029265019999999997,0.0029265019999999997
45751,MMC,21158,57174810,MARSH & MCLENNAN COS INC,185.52,331,False,0.0031490624597544,185.52,27644.05209792568,149,27642.480000000003,0.0027642480000000004,0.0027642480000000004
22592,MMM,21205,88579Y10,3M CO,160.1,332,False,0.0021383544427083,160.1,18771.54942892729,117,18731.7,0.0018731700000000002,0.0018731700000000002
88031,MNST,7902,61174X10,MONSTER BEVERAGE CORP NEW,76.67,333,False,0.001876604040843,76.67,16473.772919793944,214,16407.38,0.001640738,0.001640738
13901,MO,21398,02209S10,ALTRIA GROUP INC,57.66,334,False,0.0022022630420192,57.66,19332.571216025717,335,19316.1,0.0019316099999999998,0.0019316099999999998
89781,MOH,44184,60855R10,MOLINA HEALTHCARE INC,173.54,335,False,0.0005391697503483,173.54,4733.102902448127,27,4685.58,0.000468558,0.000468558
90386,MOS,45695,61945C10,MOSAIC CO NEW,24.09,336,False,0.0010674691645826,24.09,9370.78053413779,388,9346.92,0.000934692,0.000934692
12872,MPC,53810,56585A10,MARATHON PETROLEUM CORP,162.63,337,False,0.0011657556031513,162.63,10233.588262798916,62,10083.06,0.001008306,0.001008306
90455,MPWR,45879,60983910,MONOLITHIC PWR SYS INC,906.36,338,False,0.0008287193650452,906.36,7274.914865822038,8,7250.88,0.000725088,0.000725088
22752,MRK,21188,58933Y10,MERCK & CO INC NEW,105.26,339,False,0.0013089956324651,105.26,11491.0211919533,109,11473.34,0.001147334,0.001147334
18312,MRNA,56611,60770K10,MODERNA INC,29.49,340,False,0.000556772837804,29.49,4887.6316464564825,165,4865.849999999999,0.00048658499999999994,0.00048658499999999994
69032,MS,21224,61744644,MORGAN STANLEY DEAN WITTER & CO,177.53,341,False,0.0041596693365425,177.53,36515.666906934915,205,36393.65,0.0036393650000000003,0.0036393650000000003
92402,MSCI,52840,55354G10,M S C I INC,573.73,342,False,0.0025397251409849,573.73,22294.98303354512,38,21801.74,0.002180174,0.002180174
10107,MSFT,8048,59491810,MICROSOFT CORP,483.62,343,False,0.0037859948451768,483.62,33235.364518844166,68,32886.16,0.0032886160000000003,0.0032886160000000003
22779,MSI,21230,62007630,MOTOROLA SOLUTIONS INC,383.32,344,False,0.0028691784542014,383.32,25187.089706812396,65,24915.8,0.0024915799999999997,0.0024915799999999997
35554,MTB,1689,55261F10,M & T BANK CORP,201.48,345,False,0.0016596383895467,201.48,14569.139447276835,72,14506.56,0.001450656,0.001450656
15850,MTCH,55487,57667L10,MATCH GROUP INC NEW,32.29,346,False,0.0013575530299193,32.29,11917.282417990802,369,11915.01,0.001191501,0.001191501
85621,MTD,32158,59268810,METTLER TOLEDO INTERNATIONAL INC,1394.19,347,False,0.00184284532287,1394.19,16177.421935864086,11,15336.09,0.001533609,0.001533609
53613,MU,7065,59511210,MICRON TECHNOLOGY INC,285.41,348,False,0.0008845626077673,285.41,7765.134901421852,27,7706.070000000001,0.0007706070000000001,0.0007706070000000001
13760,NCLH,54313,G6672110,NORWEGIAN CRUISE LINE HLDGS LTD,22.32,349,False,0.0009299566246493,22.32,8163.626383778158,365,8146.8,0.00081468,0.00081468
90601,NDAQ,46282,63110310,NASDAQ INC,97.13,350,False,0.0032189292926894,97.13,28257.378252695835,290,28167.699999999997,0.0028167699999999997,0.0028167699999999997
57809,NDSN,3160,65566310,NORDSON CORP,240.43,351,False,0.0033063641455971,240.43,29024.925311493593,120,28851.600000000002,0.0028851600000000003,0.0028851600000000003
24205,NEE,20684,65339F10,NEXTERA ENERGY INC,80.28,352,False,0.0012379024436453,80.28,10866.929469207511,135,10837.8,0.00108378,0.00108378
21207,NEM,21286,65163910,NEWMONT CORP,99.85,353,False,0.0005147720694249,99.85,4518.927803943526,45,4493.25,0.000449325,0.000449325
89393,NFLX,43145,64110L10,NETFLIX INC,93.76,354,False,0.0012845184544553,93.76,11276.148228091577,120,11251.2,0.00112512,0.00112512
38762,NI,21244,65473P10,NISOURCE INC,41.76,355,False,0.0022597559388325,41.76,19837.272743886642,475,19836.0,0.0019836,0.0019836
57665,NKE,3194,65410610,NIKE INC,63.71,356,False,0.0015818567535143,63.71,13886.333175181087,217,13825.07,0.001382507,0.001382507
24766,NOC,21303,66680710,NORTHROP GRUMMAN CORP,570.21,357,False,0.0011531835040287,570.21,10123.22406152723,17,9693.57,0.000969357,0.000969357
13447,NOW,54109,81762P10,SERVICENOW INC,153.19,358,False,0.0009624690867264,153.19,8449.037107438839,55,8425.45,0.0008425450000000001,0.0008425450000000001
90071,NRG,37496,62937750,N R G ENERGY INC,159.24,359,False,0.0007627823909907,159.24,6696.086986338081,42,6688.08,0.000668808,0.000668808
64311,NSC,21294,65584410,NORFOLK SOUTHERN CORP,288.72,360,False,0.0033240237361072,288.72,29179.950067695892,101,29160.72,0.002916072,0.002916072
82598,NTAP,14152,64110D10,NETAPP INC,107.09,361,False,0.0027010803580868,107.09,23711.440180662143,221,23666.89,0.002366689,0.002366689
58246,NTRS,3275,66585910,NORTHERN TRUST CORP,136.59,362,False,0.0034454425078698,136.59,30245.82503688696,221,30186.39,0.003018639,0.003018639
34817,NUE,21308,67034610,NUCOR CORP,163.11,363,False,0.0022000153625229,163.11,19312.839956360578,118,19246.980000000003,0.0019246980000000003,0.0019246980000000003
86580,NVDA,16382,67066G10,NVIDIA CORP,186.5,364,False,0.0009412231125115,186.5,8262.529273575903,44,8206.0,0.0008206,0.0008206
79785,NVR,21242,62944T10,N V R INC,7292.77,365,False,0.0025006480590732,7292.77,21951.944779459114,3,21878.31,0.0021878310000000003,0.0021878310000000003
13964,NWS,54433,65249B20,NEWS CORP NEW,29.63,366,False,,,,0,0.0,,0.0
13963,NWSA,54433,65249B10,NEWS CORP NEW,26.12,367,False,0.0037018403285775,26.12,32496.61389992877,1244,32493.280000000002,0.003249328,0.003249328
12084,NXPI,53494,N6596X10,N X P SEMICONDUCTORS N V,217.06,368,False,0.0019940618085607,217.06,17504.876205800974,80,17364.8,0.0017364799999999999,0.0017364799999999999
81045,O,30500,75610910,REALTY INCOME CORP,56.37,369,False,0.0027388002840245,56.37,24042.564637886473,426,24013.62,0.0024013619999999998,0.0024013619999999998
77037,ODFL,11161,67958010,OLD DOMINION FREIGHT LINE INC,156.8,370,False,0.0017049399689444,156.8,14966.819466963074,95,14896.000000000002,0.0014896000000000002,0.0014896000000000002
25232,OKE,21332,68268010,ONEOK INC NEW,73.5,371,False,0.0023013478073041,73.5,20202.387057614367,274,20139.0,0.0020139,0.0020139
30681,OMC,1367,68191910,OMNICOM GROUP INC,80.75,372,False,0.0021714844331184,80.75,19062.38112648975,236,19057.0,0.0019057,0.0019057
88182,ON,37176,68218910,ON SEMICONDUCTOR CORP,54.15,373,False,0.001103705633034,54.15,9688.882456382122,178,9638.699999999999,0.0009638699999999999,0.0009638699999999999
10104,ORCL,8045,68389X10,ORACLE CORP,194.91,374,False,0.001062688964496,194.91,9328.817536603981,47,9160.77,0.0009160770000000001,0.0009160770000000001
79103,ORLY,12097,67103H10,O REILLY AUTOMOTIVE INC NEW,91.21,375,False,0.0016284857654376,91.21,14295.666064368379,156,14228.759999999998,0.0014228759999999998,0.0014228759999999998
19286,OTIS,57037,68902V10,OTIS WORLDWIDE CORP,87.35,376,False,0.0034484088278366,87.35,30271.86488358715,346,30223.1,0.00302231,0.00302231
34833,OXY,21322,67459910,OCCIDENTAL PETROLEUM CORP,41.12,377,False,0.0011707945819255,41.12,10277.822949641293,249,10238.88,0.001023888,0.001023888
13511,PANW,54139,69743510,PALO ALTO NETWORKS INC,184.2,378,False,0.0009703980441626,184.2,8518.641478660375,46,8473.199999999999,0.0008473199999999999,0.0008473199999999999
14579,PAYC,54812,70432V10,PAYCOM SOFTWARE INC,159.36,379,False,0.0007732311752172,159.36,6787.811662875579,42,6693.120000000001,0.000669312,0.000669312
61621,PAYX,6333,70432610,PAYCHEX INC,112.18,380,False,0.0025884894711488,112.18,22723.060818854094,202,22660.36,0.002266036,0.002266036
60506,PCAR,3487,69371810,PACCAR INC,109.51,381,False,0.0020342277156371,109.51,17857.472714117626,163,17850.13,0.001785013,0.001785013
13688,PCG,21356,69331C10,P G & E CORP,16.07,382,False,0.0015924558490935,16.07,13979.377360276467,869,13964.83,0.001396483,0.001396483
23712,PEG,21458,74457310,PUBLIC SERVICE ENTERPRISE GP INC,80.3,383,False,0.0028073104461888,80.3,24643.981255153234,306,24571.8,0.0024571799999999998,0.0024571799999999998
13856,PEP,21384,71344810,PEPSICO INC,143.52,384,False,0.0021692359374835,143.52,19042.64270235002,132,18944.640000000003,0.0018944640000000002,0.0018944640000000002
21936,PFE,21394,71708110,PFIZER INC,24.9,385,False,0.0015623058354574,24.9,13714.705395727846,550,13695.0,0.0013695,0.0013695
89195,PFG,42285,74251V10,PRINCIPAL FINANCIAL GROUP INC,88.21,386,False,0.003207565536533,88.21,28157.621492952127,319,28138.989999999998,0.002813899,0.002813899
18163,PG,21446,74271810,PROCTER & GAMBLE CO,143.31,387,False,0.0025935210362505,143.31,22767.23042475526,158,22642.98,0.002264298,0.002264298
64390,PGR,3682,74331510,PROGRESSIVE CORP OH,227.72,388,False,0.0011663964114308,227.72,10239.213599764971,44,10019.68,0.001001968,0.001001968
41355,PH,21367,70109410,PARKER HANNIFIN CORP,878.96,389,False,0.0035750812281577,878.96,31383.85884324932,35,30763.600000000002,0.00307636,0.00307636
54148,PHM,21349,74586710,PULTE GROUP INC,117.26,390,False,0.0015779525979132,117.26,13852.060536192648,118,13836.68,0.001383668,0.001383668
87541,PKG,23511,69515610,PACKAGING CORP AMERICA,206.23,391,False,0.0027187361184731,206.23,23866.43131411379,115,23716.449999999997,0.002371645,0.002371645
85592,PLD,32135,74340W10,PROLOGIS INC,127.66,392,False,0.0032645289851446,127.66,28657.675258547933,224,28595.84,0.002859584,0.002859584
19788,PLTR,57309,69608A10,PALANTIR TECHNOLOGIES INC,177.75,393,False,0.0004624385630694,177.75,4059.5179971684015,22,3910.5,0.00039105,0.00039105
92602,PM,52978,71817210,PHILIP MORRIS INTERNATIONAL INC,160.4,394,False,0.0015536691357337,160.4,13638.888107195966,85,13634.0,0.0013634,0.0013634
60442,PNC,3685,69347510,P N C FINANCIAL SERVICES GRP INC,208.73,395,False,0.0031049986081797,208.73,27257.237474800906,130,27134.899999999998,0.00271349,0.00271349
13586,PNR,54185,G7S00T10,PENTAIR PLC,104.14,396,False,0.0038218253356078,104.14,33549.90256209595,322,33533.08,0.003353308,0.003353308
27991,PNW,21409,72348410,PINNACLE WEST CAPITAL CORP,88.7,397,False,0.0023909937697773,88.7,20989.344346855025,236,20933.2,0.00209332,0.00209332
92050,PODD,52301,45784P10,INSULET CORP,284.24,398,False,0.0013248358782006,284.24,11630.074825837164,40,11369.6,0.00113696,0.00113696
82515,POOL,14046,73278L10,POOL CORP,228.75,399,False,0.0019976001087927,228.75,17535.93718258425,76,17385.0,0.0017385,0.0017385
22509,PPG,21351,69350610,P P G INDUSTRIES INC,102.46,400,False,0.0034156286681409,102.46,29984.10417576145,292,29918.32,0.002991832,0.002991832
22517,PPL,21376,69351T10,P P L CORP,35.02,401,False,0.0027890942109717,35.02,24484.06999210104,699,24478.980000000003,0.0024478980000000004,0.0024478980000000004
89258,PRU,42524,74432010,PRUDENTIAL FINANCIAL INC,112.88,402,False,0.0036751068530711,112.88,32261.934023266313,285,32170.8,0.0032170799999999998,0.0032170799999999998
64653,PSA,4289,74460D10,PUBLIC STORAGE,259.5,403,False,0.0023474003604832,259.5,20606.659502380302,79,20500.5,0.00205005,0.00205005
27083,PSKY,60410,69932A20,PARAMOUNT SKYDANCE CORP,13.4,404,False,,,,0,0.0,,0.0
13356,PSX,54048,71854610,PHILLIPS 66,129.04,405,False,0.001720140345793,129.04,15100.256010340996,117,15097.679999999998,0.0015097679999999999,0.0015097679999999999
75912,PTC,10408,69370C10,P T C INC,174.21,406,False,0.0024650107150048,174.21,21639.102271998847,124,21602.04,0.002160204,0.002160204
85792,PWR,34660,74762E10,QUANTA SERVICES INC,422.06,407,False,0.001949668382261,422.06,17115.16841018931,40,16882.4,0.0016882400000000001,0.0016882400000000001
15488,PYPL,55341,70450Y10,PAYPAL HOLDINGS INC,58.38,408,False,0.001811821412518,58.38,15905.078466970504,272,15879.36,0.001587936,0.001587936
27598,Q,60532,74743L10,QNITY ELECTRONICS INC,81.65,409,False,,,,0,0.0,,0.0
77178,QCOM,11253,74752510,QUALCOMM INC,171.05,410,False,0.0016471213513712,171.05,14459.25859865682,84,14368.2,0.0014368200000000001,0.0014368200000000001
79145,RCL,29819,V7780T10,ROYAL CARIBBEAN CRUISES LTD,278.92,411,False,0.0016967186806748,278.92,14894.648868843338,53,14782.76,0.001478276,0.001478276
79782,REG,30011,75884910,REGENCY CENTERS CORP,69.03,412,False,0.0035610376894794,69.03,31260.577606429255,452,31201.56,0.0031201560000000002,0.0031201560000000002
76614,REGN,10876,75886F10,REGENERON PHARMACEUTICALS INC,771.87,413,False,0.0007702980857191,771.87,6762.063529921849,8,6174.96,0.000617496,0.000617496
35044,RF,1620,7591EP10,REGIONS FINANCIAL CORP NEW,27.1,414,False,0.0021472653643305,27.1,18849.7739750304,695,18834.5,0.00188345,0.00188345
69649,RJF,6137,75473010,RAYMOND JAMES FINANCIAL INC,160.59,415,False,0.0028835260753107,160.59,25313.040331957414,157,25212.63,0.002521263,0.002521263
85072,RL,32009,75121210,RALPH LAUREN CORP,353.61,416,False,0.0020646112466219,353.61,18124.19461125277,51,18034.11,0.001803411,0.001803411
81736,RMD,13753,76115210,RESMED INC,240.87,417,False,0.0009168909292907,240.87,8048.929146805306,33,7948.71,0.000794871,0.000794871
84381,ROK,31847,77390310,ROCKWELL AUTOMATION INC,389.07,418,False,0.0026888737744559,389.07,23604.284657981083,60,23344.2,0.0023344200000000002,0.0023344200000000002
36003,ROL,21530,77571110,ROLLINS INC,60.02,419,False,0.0016612045907615,60.02,14582.888348269145,242,14524.84,0.001452484,0.001452484
77338,ROP,11344,77669610,ROPER TECHNOLOGIES INC,445.13,420,False,0.0042830322509555,445.13,37598.60853688623,84,37390.92,0.003739092,0.003739092
91556,ROST,7684,77829610,ROSS STORES INC,180.14,421,False,0.0033423327984606,180.14,29340.676213979135,162,29182.679999999997,0.0029182679999999995,0.0029182679999999995
86228,RSG,34838,76075910,REPUBLIC SERVICES INC,211.93,422,False,0.0031049319479558,211.93,27256.652297870973,128,27127.04,0.0027127040000000002,0.0027127040000000002
17830,RTX,21832,75513E10,R T X CORP,183.4,423,False,0.0015489139752662,183.4,13597.144920016433,74,13571.6,0.00135716,0.00135716
42200,RVTY,20616,71404610,REVVITY INC,96.75,424,False,0.0018133441722049,96.75,15918.446016409513,164,15867.0,0.0015867,0.0015867
86996,SBAC,16584,78410G10,S B A COMMUNICATIONS CORP NEW,193.43,425,False,0.0013542677981916,193.43,11888.443003658775,61,11799.23,0.001179923,0.001179923
77702,SBUX,11592,85524410,STARBUCKS CORP,84.21,426,False,0.0017188543201482,84.21,15088.966631238975,179,15073.589999999998,0.0015073589999999998,0.0015073589999999998
75186,SCHW,21578,80851310,SCHWAB CHARLES CORP NEW,99.91,427,False,0.0014695140139564,99.91,12900.132175724095,129,12888.39,0.001288839,0.001288839
36468,SHW,21609,82434810,SHERWIN WILLIAMS CO,324.03,428,False,0.0034468040520028,324.03,30257.777355212587,93,30134.789999999997,0.003013479,0.003013479
42585,SJM,21629,83269640,SMUCKER J M CO,97.81,429,False,0.0013768012075507,97.81,12086.252589917482,123,12030.630000000001,0.001203063,0.001203063
14277,SLB,21576,80685710,SLB LTD,38.38,430,False,0.0012118551618185,38.38,10638.273345351023,277,10631.26,0.001063126,0.001063126
91907,SMCI,51998,86800U30,SUPER MICRO COMPUTER INC,29.27,431,False,0.0002331081040799,29.27,2046.3400316727975,69,2019.6299999999999,0.000201963,0.000201963
60206,SNA,4162,83303410,SNAP ON INC,344.6,432,False,0.0023328236161788,344.6,20478.697518736324,59,20331.4,0.00203314,0.00203314
26181,SNDK,14105,80004C20,SANDISK CORP,237.38,433,False,,,,0,0.0,,0.0
77357,SNPS,11361,87160710,SYNOPSYS INC,469.72,434,False,0.0008341591592979,469.72,7322.66811227094,15,7045.8,0.00070458,0.00070458
18411,SO,21640,84258710,SOUTHERN CO,87.2,435,False,0.0018682938004973,87.2,16400.821455668098,188,16393.600000000002,0.0016393600000000003,0.0016393600000000003
24877,SOLV,59814,83444M10,SOLVENTUM CORP,79.24,436,False,,,,0,0.0,,0.0
80100,SPG,30086,82880610,SIMON PROPERTY GROUP INC NEW,185.11,437,False,0.0040293089213648,185.11,35371.2977003106,191,35356.01,0.003535601,0.003535601
17478,SPGI,21179,78409V10,S & P GLOBAL INC,522.59,438,False,0.0043018561782437,522.59,37763.85442619232,72,37626.48,0.0037626480000000004,0.0037626480000000004
86136,SRE,34798,81685110,SEMPRA ENERGY,88.29,439,False,0.0018105953049084,88.29,15894.315078479289,180,15892.2,0.0015892200000000001,0.0015892200000000001
77649,STE,11547,G8473T10,STERIS PLC NEW,253.52,440,False,0.0020795233989072,253.52,18255.100974634075,72,18253.440000000002,0.0018253440000000002,0.0018253440000000002
84262,STLD,15171,85811910,STEEL DYNAMICS INC,169.45,441,False,0.0010819081288925,169.45,9497.53301578088,56,9489.199999999999,0.0009489199999999999,0.0009489199999999999
72726,STT,4260,85747710,STATE STREET CORP,129.01,442,False,0.0035690963496093,129.01,31331.320573047902,242,31220.42,0.003122042,0.003122042
89641,STX,43807,G7997R10,SEAGATE TECHNOLOGY HOLDINGS PLC,275.39,443,False,0.0014996574111671,275.39,13164.74605796702,47,12943.33,0.001294333,0.001294333
69796,STZ,1015,21036P10,CONSTELLATION BRANDS INC,137.96,444,False,0.0018756400347183,137.96,16465.310389795093,119,16417.24,0.0016417240000000002,0.0016417240000000002
25146,SW,59891,G8267P10,SMURFIT WESTROCK PLC,38.67,445,False,,,,0,0.0,,0.0
43350,SWK,21664,85450210,STANLEY BLACK & DECKER INC,74.28,446,False,0.001917837602883,74.28,16835.741839681836,226,16787.28,0.001678728,0.001678728
45911,SWKS,20058,83088M10,SKYWORKS SOLUTIONS INC,63.41,447,False,0.0017235996822301,63.41,15130.623803267817,238,15091.58,0.001509158,0.001509158
14776,SYF,54936,87165B10,SYNCHRONY FINANCIAL,83.43,448,False,0.0026028223320496,83.43,22848.88187147461,273,22776.390000000003,0.002277639,0.002277639
73139,SYK,4298,86366710,STRYKER CORP,351.47,449,False,0.0025633101715988,351.47,22502.024279425226,64,22494.08,0.002249408,0.002249408
52038,SYY,21698,87182910,SYSCO CORP,73.69,450,False,0.002603539075761,73.69,22855.17380780551,310,22843.899999999998,0.00228439,0.00228439
66093,T,21645,00206R10,A T & T INC,24.84,451,False,0.0012945788056636,24.84,11364.463044478982,457,11351.88,0.0011351879999999999,0.0011351879999999999
59248,TAP,33,60871R20,MOLSON COORS BEVERAGE CO,46.68,452,False,0.0015643048888685,46.68,13732.2540907281,294,13723.92,0.001372392,0.001372392
90562,TAP,33,60871R10,MOLSON COORS BEVERAGE CO,48.585,453,False,,,,0,0.0,,0.0
91152,TDG,50481,89364110,TRANSDIGM GROUP INC,1329.85,454,False,0.0024876814501376,1329.85,21838.117372880104,16,21277.6,0.00212776,0.00212776
87445,TDY,36380,87936010,TELEDYNE TECHNOLOGIES,510.73,455,False,0.0033922407574805,510.73,29778.793347849783,58,29622.34,0.0029622340000000002,0.0029622340000000002
75694,TECH,10107,09073M10,BIO TECHNE CORP,58.81,456,False,0.0015366275196087,58.81,13489.28824056484,229,13467.49,0.001346749,0.001346749
92157,TEL,52418,G8705210,T E CONNECTIVITY PLC,227.51,457,False,0.0049578189470017,227.51,43522.225111307285,191,43454.409999999996,0.004345440999999999,0.004345440999999999
51369,TER,21731,88077010,TERADYNE INC,193.56,458,False,0.0012329181582119,193.56,10823.174907984045,55,10645.8,0.0010645799999999999,0.0010645799999999999
71563,TFC,4163,89832Q10,TRUIST FINANCIAL CORP,49.21,459,False,0.0020089028212281,49.21,17635.15806988175,358,17617.18,0.001761718,0.001761718
49154,TGT,20561,87612E10,TARGET CORP,97.75,460,False,0.001735254374826,97.75,15232.934549219644,155,15151.25,0.001515125,0.001515125
40539,TJX,21949,87254010,T J X COMPANIES INC NEW,153.61,461,False,0.0043556873396948,153.61,38236.41140169357,248,38095.280000000006,0.003809528000000001,0.003809528000000001
87356,TKO,17205,87256C10,T K O GROUP HOLDINGS INC,209.0,462,False,0.0008628865070938,209.0,7574.851201445686,36,7524.0,0.0007524,0.0007524
62092,TMO,4557,88355610,THERMO FISHER SCIENTIFIC INC,579.45,463,False,0.0023502032133085,579.45,20631.26435240016,35,20280.75,0.002028075,0.002028075
91937,TMUS,52120,87259010,T MOBILE U S INC,203.04,464,False,0.001580098770434,203.04,13870.900716638214,68,13806.72,0.0013806719999999999,0.0013806719999999999
20391,TPL,57695,88262P10,TEXAS PACIFIC LAND CORP,287.22,465,False,0.0004485099123867,287.22,3937.245304883855,13,3733.8600000000006,0.0003733860000000001,0.0003733860000000001
88661,TPR,40143,87603010,TAPESTRY INC,127.77,466,False,0.0017729729425513,127.77,15564.04708337327,121,15460.17,0.001546017,0.001546017
12476,TRGP,53621,87612G10,TARGA RESOURCES CORP,184.5,467,False,0.0020434683183414,184.5,17938.59136636367,97,17896.5,0.00178965,0.00178965
76230,TRMB,10691,89623910,TRIMBLE INC,78.35,468,False,0.0038136389026339,78.35,33478.03794127026,427,33455.45,0.0033455449999999997,0.0033455449999999997
10138,TROW,8087,74144T10,T ROWE PRICE GROUP INC,102.38,469,False,0.0053736118797123,102.38,47172.26433431386,460,47094.799999999996,0.004709479999999999,0.004709479999999999
59459,TRV,4293,89417E10,TRAVELERS COMPANIES INC,290.06,470,False,0.0014782076673656,290.06,12976.44943231607,44,12762.64,0.001276264,0.001276264
80286,TSCO,12863,89235610,TRACTOR SUPPLY CO NEW,50.01,471,False,0.0019615889398649,50.01,17219.813052729758,344,17203.44,0.001720344,0.001720344
93436,TSLA,53453,88160R10,TESLA INC,449.72,472,False,0.0006129522659624,449.72,5380.802886687649,11,4946.92,0.000494692,0.000494692
77730,TSN,4620,90249410,TYSON FOODS INC,58.62,473,False,0.0017696093153863,58.62,15534.519474513296,265,15534.3,0.00155343,0.00155343
12431,TT,20977,G8994E10,TRANE TECHNOLOGIES PLC,389.2,474,False,0.0031081661986985,389.2,27285.044175508083,70,27244.0,0.0027244,0.0027244
16309,TTD,55701,88339J10,TRADE DESK INC,37.96,475,False,0.0006576978962316,37.96,5773.602505661467,152,5769.92,0.000576992,0.000576992
84761,TTWO,15436,87405410,TAKE TWO INTERACTIVE SOFTWR INC,256.03,476,False,0.0016056392191561,256.03,14095.107604910983,55,14081.649999999998,0.0014081649999999999,0.0014081649999999999
15579,TXN,21737,88250810,TEXAS INSTRUMENTS INC,173.49,477,False,0.0019849846583732,173.49,17425.192421852305,100,17349.0,0.0017349,0.0017349
23579,TXT,21743,88320310,TEXTRON INC,87.17,478,False,0.0035249821028775,87.17,30944.063555919784,354,30858.18,0.003085818,0.003085818
76185,TYL,26080,90225210,TYLER TECHNOLOGIES INC,453.95,479,False,0.0018801319948579,453.95,16504.743072286437,36,16342.199999999999,0.0016342199999999998,0.0016342199999999998
91103,UAL,21793,91004710,UNITED AIRLINES HOLDINGS INC,111.82,480,False,0.0008126922268406,111.82,7134.220595965234,63,7044.66,0.000704466,0.000704466
18576,UBER,56719,90353T10,UBER TECHNOLOGIES INC,81.71,481,False,0.00145695907195,81.71,12789.91858823672,156,12746.759999999998,0.0012746759999999998,0.0012746759999999998
59300,UDR,3334,90265310,U D R INC,36.68,482,False,0.0031799327024185,36.68,27915.04659466505,761,27913.48,0.002791348,0.002791348
79637,UHS,4655,91390310,UNIVERSAL HEALTH SERVICES INC,218.02,483,False,0.001630061433336,218.02,14309.498068664603,65,14171.300000000001,0.0014171300000000002,0.0014171300000000002
92322,ULTA,52788,90384S30,ULTA BEAUTY INC,605.01,484,False,0.0012834662836513,605.01,11266.911744251254,18,10890.18,0.001089018,0.001089018
92655,UNH,7267,91324P10,UNITEDHEALTH GROUP INC,330.11,485,False,0.0006541512966717,330.11,5742.468673208997,17,5611.87,0.000561187,0.000561187
48725,UNP,21810,90781810,UNION PACIFIC CORP,231.32,486,False,0.003319859653497,231.32,29143.39565885593,125,28915.0,0.0028915,0.0028915
87447,UPS,36383,91131210,UNITED PARCEL SERVICE INC,99.19,487,False,0.0023802542437031,99.19,20895.06739233397,210,20829.899999999998,0.00208299,0.00208299
85663,URI,32191,91136310,UNITED RENTALS INC,809.32,488,False,0.0023591037436271,809.32,20709.39767842054,25,20233.0,0.0020233,0.0020233
66157,USB,1645,90297330,U S BANCORP DEL,53.36,489,False,0.0022716336812131,53.36,19941.541532890165,373,19903.28,0.001990328,0.001990328
92611,V,52983,92826C83,VISA INC,350.71,490,False,0.0039529968436414,350.71,34701.39194923473,98,34369.579999999994,0.0034369579999999995,0.0034369579999999995
17307,VICI,56259,92565210,VICI PROPERTIES INC,28.12,491,False,0.0031659573082659,28.12,27792.363564721698,988,27782.56,0.002778256,0.002778256
85269,VLO,32066,91913Y10,VALERO ENERGY CORP NEW,162.79,492,False,0.00107517452085,162.79,9438.42202198103,57,9279.029999999999,0.0009279029999999999,0.0009279029999999999
24174,VLTO,59644,92338C10,VERALTO CORP,99.78,493,False,,,,0,0.0,,0.0
15202,VMC,21876,92916010,VULCAN MATERIALS CO,285.22,494,False,0.0033921503463781,285.22,29777.999673777922,104,29662.880000000005,0.0029662880000000005,0.0029662880000000005
93089,VRSK,53256,92345Y10,VERISK ANALYTICS INC,223.69,495,False,0.0020843001519329,223.69,18297.033712135784,81,18118.89,0.001811889,0.001811889
85753,VRSN,15940,92343E10,VERISIGN INC,242.95,496,False,0.0019873955001134,242.95,17446.35600165349,71,17249.45,0.001724945,0.001724945
76744,VRTX,11042,92532F10,VERTEX PHARMACEUTICALS INC,453.36,497,False,0.0010541187908757,453.36,9253.58424762491,20,9067.2,0.0009067200000000001,0.0009067200000000001
16736,VST,55954,92840M10,VISTRA CORP,161.33,498,False,0.0004754498297298,161.33,4173.737431688019,25,4033.2500000000005,0.00040332500000000006,0.00040332500000000006
75819,VTR,10302,92276F10,VENTAS INC,77.38,499,False,0.0020842325900104,77.38,18296.44061964261,236,18261.68,0.001826168,0.001826168
20057,VTRS,57529,92556V10,VIATRIS INC,12.45,500,False,0.0018035929508136,12.45,15832.84489683676,1271,15823.949999999999,0.001582395,0.001582395
65875,VZ,20288,92343V10,VERIZON COMMUNICATIONS INC,40.73,501,False,0.0014777380108026,40.73,12972.32655108979,318,12952.14,0.001295214,0.001295214
81677,WAB,30913,92974010,WABTEC CORP,213.45,502,False,0.0042422127769277,213.45,37240.27468957269,174,37140.299999999996,0.0037140299999999997,0.0037140299999999997
82651,WAT,31208,94184810,WATERS CORP,379.83,503,False,0.0012046435106484,379.83,10574.965848848125,27,10255.41,0.001025541,0.001025541
22976,WBD,59247,93442310,WARNER BROS DISCOVERY INC,28.82,504,False,0.000785314789761,28.82,6893.887701140668,239,6887.9800000000005,0.000688798,0.000688798
13628,WDAY,54213,98138H10,WORKDAY INC,214.78,505,False,0.0018552165614211,214.78,16286.022882143554,75,16108.5,0.00161085,0.00161085
66384,WDC,4879,95810210,WESTERN DIGITAL CORP,172.27,506,False,0.0013906802394482,172.27,12208.089703581205,70,12058.900000000001,0.00120589,0.00120589
23536,WEC,21931,92939U10,W E C ENERGY GROUP INC,105.46,507,False,0.0022437410538373,105.46,19696.68603885694,186,19615.559999999998,0.0019615559999999997,0.0019615559999999997
65947,WELL,2105,95040Q10,WELLTOWER INC,185.61,508,False,0.0024783625445973,185.61,21756.31133900684,117,21716.370000000003,0.002171637,0.002171637
38703,WFC,21305,94974610,WELLS FARGO & CO NEW,93.2,509,False,0.0021279718507804,93.2,18680.40582163639,200,18640.0,0.001864,0.001864
11955,WM,9804,94106L10,WASTE MANAGEMENT INC DEL,219.71,510,False,0.0025571036739199,219.71,22447.540525173325,102,22410.420000000002,0.0022410420000000004,0.0022410420000000004
38156,WMB,21923,96945710,WILLIAMS COS,60.11,511,False,0.0016484569241148,60.11,14470.982927080437,240,14426.4,0.00144264,0.00144264
55976,WMT,21880,93114210,WALMART INC,111.41,512,False,0.0024021825481346,111.41,21087.565063583985,189,21056.489999999998,0.002105649,0.002105649
17743,WRB,544,08442310,BERKLEY W R CORP,70.12,513,False,0.001501817210675,70.12,13183.70586295041,188,13182.560000000001,0.001318256,0.001318256
83011,WSM,6149,96990410,WILLIAMS SONOMA INC,178.59,514,False,0.0013074899136527,178.59,11477.803235870568,64,11429.76,0.001142976,0.001142976
62498,WST,4998,95530610,WEST PHARMACEUTICAL SERVICES INC,275.14,515,False,0.0008469561472766,275.14,7435.006500886865,27,7428.78,0.000742878,0.000742878
89017,WTW,41694,G9662910,WILLIS TOWERS WATSON PUB LTD CO,328.6,516,False,0.0022612494589269,328.6,19850.383613495153,60,19716.0,0.0019716,0.0019716
39917,WY,21914,96216610,WEYERHAEUSER CO,23.69,517,False,0.0032701380784617,23.69,28706.914697225857,1211,28688.59,0.002868859,0.002868859
89533,WYNN,43620,98313410,WYNN RESORTS LTD,120.33,518,False,0.0018563947969889,120.33,16296.366025804931,135,16244.55,0.001624455,0.001624455
23931,XEL,21300,98389B10,X C E L ENERGY INC,73.86,519,False,0.001820200636845,73.86,15978.635507135996,216,15953.76,0.0015953760000000001,0.0015953760000000001
11850,XOM,20678,30231G10,EXXON MOBIL CORP,120.34,520,False,0.0016304393871875,120.34,14312.815937425545,118,14200.12,0.001420012,0.001420012
13035,XYL,53896,98419M10,XYLEM INC,136.18,521,False,0.0044224690287128,136.18,38822.654613441446,285,38811.3,0.0038811300000000004,0.0038811300000000004
15826,XYZ,55474,85223410,BLOCK INC,65.09,522,False,0.0010919883225702,65.09,9586.022019331878,147,9568.230000000001,0.0009568230000000001,0.0009568230000000001
85348,YUM,32093,98849810,YUM BRANDS INC,151.28,523,False,0.0026875042251223,151.28,23592.262065983443,155,23448.4,0.00234484,0.00234484
89070,ZBH,41870,98956P10,ZIMMER BIOMET HOLDINGS INC,89.92,524,False,0.0018870832964348,89.92,16565.76508928232,184,16545.28,0.001654528,0.001654528
76795,ZBRA,11092,98920710,ZEBRA TECHNOLOGIES CORP,242.82,525,False,0.0018020287301013,242.82,15819.113381690233,65,15783.3,0.00157833,0.00157833
13788,ZTS,54327,98978V10,ZOETIS INC,125.82,526,False,0.0018763421447387,125.82,16471.47386423565,130,16356.599999999999,0.00163566,0.00163566
